{
    "mae": 1.7297666288369626,
    "rmse": 1.9483029353414125,
    "timestamp": "20250526_102156",
    "lookback": 60,
    "forecast_days": 30
}