{"overall": {"accuracy": 0.8300970873786407, "precision": 0.8542848542305324, "recall": 0.8300970873786407, "f1": 0.8367846258379331}, "class_metrics": {"NEGATIVE": {"precision": 0.5, "recall": 0.8823529411764706, "f1": 0.6382978723404256, "support": 17}, "NEUTRAL": {"precision": 0.8956521739130435, "recall": 0.8442622950819673, "f1": 0.869198312236287, "support": 122}, "POSITIVE": {"precision": 0.8688524590163934, "recall": 0.7910447761194029, "f1": 0.828125, "support": 67}}}