{"train_loss": [0.9548017950090644, 0.47404034394923955, 0.23419866971161268], "val_loss": [0.7650344727131037, 0.40550253511621404, 0.44180023627212417], "val_accuracy": [0.7912621359223301, 0.8300970873786407, 0.8009708737864077], "val_f1": [0.781800647649214, 0.8367846258379331, 0.8022615077700199]}