{"accuracy": 0.8980582524271845, "precision": 0.898086692440144, "recall": 0.8980582524271845, "f1": 0.8975190871436046}